<?xml version="1.0" encoding="UTF-8"?>
<tns:Customer xmlns:tns="http://www.mindtree.com/customer" xmlns:xsi="http://www.w3.org/2001/XMLSchema-instance" xsi:schemaLocation="http://www.mindtree.com/customer customer.xsd ">
  <customerId>0</customerId>
  <fullName>fullName</fullName>
  <phone>phone</phone>
  <Address>
    <buildingName>buildingName</buildingName>
    <street>street</street>
    <city>city</city>
    <pincode>0</pincode>
    <state>0</state>
  </Address>
</tns:Customer>
