<?xml version="1.0" encoding="UTF-8"?>
<tns:Flights xmlns:tns="http://www.example.org/flight" xmlns:xsi="http://www.w3.org/2001/XMLSchema-instance" xsi:schemaLocation="http://www.example.org/flight flight.xsd ">
  <id>0</id>
  <flightCode>flightCode</flightCode>
  <cost>0.0</cost>
  <departureDate>departureDate</departureDate>
  <fromAirPort>fromAirPort</fromAirPort>
  <toAirPort>toAirPort</toAirPort>
  <availableSeats>0</availableSeats>
  <planeType>planeType</planeType>
  <totalSeats>0</totalSeats>
</tns:Flights>
